{"format":"Transformational debugger info","version":1,
"info":{"name":"BIP_CandC_PACKAGE.GantryTrolley_PendulumLockSimulation","description":""},
"variables":{
"gantryTrolley_PendulumLock.v":{"comment":"Velocity of trolley","kind":"state","type":"Real","unit":"m/s","displayUnit":"","source":{"info":{"file":"/home/ahmadshakleya/Documents/Modelica/Model/BIP_CandC_PACKAGE.mo","lineStart":11,"lineEnd":11,"colStart":5,"colEnd":40}}},
"gantryTrolley_PendulumLock.x":{"comment":"Displacement of trolley","kind":"state","type":"Real","unit":"m","displayUnit":"","source":{"info":{"file":"/home/ahmadshakleya/Documents/Modelica/Model/BIP_CandC_PACKAGE.mo","lineStart":10,"lineEnd":10,"colStart":5,"colEnd":44}}},
"der(gantryTrolley_PendulumLock.v)":{"comment":"der(Velocity of trolley)","kind":"derivative","type":"Real","unit":"m.s-2","displayUnit":"","source":{"info":{"file":"/home/ahmadshakleya/Documents/Modelica/Model/BIP_CandC_PACKAGE.mo","lineStart":11,"lineEnd":11,"colStart":5,"colEnd":40}}},
"der(gantryTrolley_PendulumLock.x)":{"comment":"der(Displacement of trolley)","kind":"derivative","type":"Real","unit":"m.s-1","displayUnit":"","source":{"info":{"file":"/home/ahmadshakleya/Documents/Modelica/Model/BIP_CandC_PACKAGE.mo","lineStart":10,"lineEnd":10,"colStart":5,"colEnd":44}}},
"gantryTrolley_PendulumLock.M":{"comment":"Mass of trolley","kind":"parameter","type":"Real","unit":"kg","displayUnit":"","source":{"info":{"file":"/home/ahmadshakleya/Documents/Modelica/Model/BIP_CandC_PACKAGE.mo","lineStart":7,"lineEnd":7,"colStart":5,"colEnd":47}}},
"gantryTrolley_PendulumLock.dc":{"comment":"Damping factor for trolley","kind":"parameter","type":"Real","unit":"N.s/m","displayUnit":"","source":{"info":{"file":"/home/ahmadshakleya/Documents/Modelica/Model/BIP_CandC_PACKAGE.mo","lineStart":8,"lineEnd":8,"colStart":5,"colEnd":73}}}
},
"equations":[{"eqIndex":0,"tag":"dummy"},
{"eqIndex":1,"section":"initial","tag":"assign","defines":["gantryTrolley_PendulumLock.v"],"uses":[],"equation":["5.0"],"source":{"info":{"file":"/home/ahmadshakleya/Documents/Modelica/Model/BIP_CandC_PACKAGE.mo","lineStart":42,"lineEnd":42,"colStart":5,"colEnd":37}}},
{"eqIndex":2,"tag":"alias","equation":[5],"section":"initial"},
{"eqIndex":3,"tag":"alias","equation":[6],"section":"initial"},
{"eqIndex":4,"section":"initial","tag":"assign","defines":["gantryTrolley_PendulumLock.x"],"uses":[],"equation":["0.0"],"source":{"info":{"file":"/home/ahmadshakleya/Documents/Modelica/Model/BIP_CandC_PACKAGE.mo","lineStart":41,"lineEnd":41,"colStart":5,"colEnd":37}}},
{"eqIndex":5,"section":"regular","tag":"assign","defines":["der(gantryTrolley_PendulumLock.v)"],"uses":["gantryTrolley_PendulumLock.M","gantryTrolley_PendulumLock.v","gantryTrolley_PendulumLock.dc"],"equation":["(-gantryTrolley_PendulumLock.v) * gantryTrolley_PendulumLock.dc / gantryTrolley_PendulumLock.M"],"source":{"info":{"file":"/home/ahmadshakleya/Documents/Modelica/Model/BIP_CandC_PACKAGE.mo","lineStart":14,"lineEnd":14,"colStart":5,"colEnd":23}}},
{"eqIndex":6,"section":"regular","tag":"assign","defines":["der(gantryTrolley_PendulumLock.x)"],"uses":["gantryTrolley_PendulumLock.v"],"equation":["gantryTrolley_PendulumLock.v"],"source":{"info":{"file":"/home/ahmadshakleya/Documents/Modelica/Model/BIP_CandC_PACKAGE.mo","lineStart":13,"lineEnd":13,"colStart":5,"colEnd":15}}},
{"eqIndex":7,"section":"parameter","tag":"algorithm","equation":["assert(gantryTrolley_PendulumLock.M >= 0.0, \"Variable violating min constraint: 0.0 <= gantryTrolley_PendulumLock.M, has value: \" + String(gantryTrolley_PendulumLock.M, \"g\"));"],"source":{"info":{"file":"/home/ahmadshakleya/Documents/Modelica/Model/BIP_CandC_PACKAGE.mo","lineStart":7,"lineEnd":7,"colStart":5,"colEnd":47}}}
],
"functions":[
]
}