{"format":"Transformational debugger info","version":1,
"info":{"name":"BIP_PID_PACKAGE.GantryTrolley_PID_CONTROL_LOOP","description":""},
"variables":{
"gantryTrolley_PIDController.derivative.x":{"comment":"State of block","kind":"state","type":"Real","unit":"","displayUnit":"","source":{"info":{"file":"/home/ahmadshakleya/.openmodelica/libraries/Modelica 4.0.0+maint.om/Blocks/Continuous.mo","lineStart":282,"lineEnd":282,"colStart":5,"colEnd":50}}},
"gantryTrolley_PIDController.integrator.y":{"comment":"Connector of Real output signal","kind":"state","type":"Real","unit":"","displayUnit":"","source":{"info":{"file":"/home/ahmadshakleya/.openmodelica/libraries/Modelica 4.0.0+maint.om/Blocks/Interfaces.mo","lineStart":329,"lineEnd":330,"colStart":5,"colEnd":56}}},
"gantryTrolley_PlantModel_Block.omega":{"comment":"Angular velocity of pendulum (rad/s)","kind":"state","type":"Real","unit":"rad/s","displayUnit":"","source":{"info":{"file":"/home/ahmadshakleya/Documents/Modelica/Model/BIP_PID_PACKAGE.mo","lineStart":16,"lineEnd":16,"colStart":5,"colEnd":68}}},
"gantryTrolley_PlantModel_Block.theta":{"comment":"Angular displacement of pendulum (rad)","kind":"state","type":"Real","unit":"rad","displayUnit":"deg","source":{"info":{"file":"/home/ahmadshakleya/Documents/Modelica/Model/BIP_PID_PACKAGE.mo","lineStart":15,"lineEnd":15,"colStart":5,"colEnd":60}}},
"gantryTrolley_PlantModel_Block.v":{"comment":"Velocity of trolley","kind":"state","type":"Real","unit":"m/s","displayUnit":"","source":{"info":{"file":"/home/ahmadshakleya/Documents/Modelica/Model/BIP_PID_PACKAGE.mo","lineStart":14,"lineEnd":14,"colStart":5,"colEnd":40}}},
"gantryTrolley_PlantModel_Block.x":{"comment":"Displacement of trolley","kind":"state","type":"Real","unit":"m","displayUnit":"","source":{"info":{"file":"/home/ahmadshakleya/Documents/Modelica/Model/BIP_PID_PACKAGE.mo","lineStart":13,"lineEnd":13,"colStart":5,"colEnd":44}}},
"der(gantryTrolley_PIDController.derivative.x)":{"comment":"der(State of block)","kind":"derivative","type":"Real","unit":"","displayUnit":"","source":{"info":{"file":"/home/ahmadshakleya/.openmodelica/libraries/Modelica 4.0.0+maint.om/Blocks/Continuous.mo","lineStart":282,"lineEnd":282,"colStart":5,"colEnd":50}}},
"der(gantryTrolley_PIDController.integrator.y)":{"comment":"der(Connector of Real output signal)","kind":"derivative","type":"Real","unit":"","displayUnit":"","source":{"info":{"file":"/home/ahmadshakleya/.openmodelica/libraries/Modelica 4.0.0+maint.om/Blocks/Interfaces.mo","lineStart":329,"lineEnd":330,"colStart":5,"colEnd":56}}},
"der(gantryTrolley_PlantModel_Block.omega)":{"comment":"der(Angular velocity of pendulum (rad/s))","kind":"derivative","type":"Real","unit":"s-2","displayUnit":"","source":{"info":{"file":"/home/ahmadshakleya/Documents/Modelica/Model/BIP_PID_PACKAGE.mo","lineStart":16,"lineEnd":16,"colStart":5,"colEnd":68}}},
"der(gantryTrolley_PlantModel_Block.theta)":{"comment":"der(Angular displacement of pendulum (rad))","kind":"derivative","type":"Real","unit":"Hz","displayUnit":"","source":{"info":{"file":"/home/ahmadshakleya/Documents/Modelica/Model/BIP_PID_PACKAGE.mo","lineStart":15,"lineEnd":15,"colStart":5,"colEnd":60}}},
"der(gantryTrolley_PlantModel_Block.v)":{"comment":"der(Velocity of trolley)","kind":"derivative","type":"Real","unit":"m.s-2","displayUnit":"","source":{"info":{"file":"/home/ahmadshakleya/Documents/Modelica/Model/BIP_PID_PACKAGE.mo","lineStart":14,"lineEnd":14,"colStart":5,"colEnd":40}}},
"der(gantryTrolley_PlantModel_Block.x)":{"comment":"der(Displacement of trolley)","kind":"derivative","type":"Real","unit":"m.s-1","displayUnit":"","source":{"info":{"file":"/home/ahmadshakleya/Documents/Modelica/Model/BIP_PID_PACKAGE.mo","lineStart":13,"lineEnd":13,"colStart":5,"colEnd":44}}},
"$cse1":{"comment":"","kind":"variable","type":"Real","unit":"","displayUnit":"","source":{"info":{"file":"","lineStart":0,"lineEnd":0,"colStart":0,"colEnd":0}}},
"$cse2":{"comment":"","kind":"variable","type":"Real","unit":"","displayUnit":"","source":{"info":{"file":"","lineStart":0,"lineEnd":0,"colStart":0,"colEnd":0}}},
"gantryTrolley_PIDController.Proportional.y":{"comment":"Output signal connector","kind":"variable","type":"Real","unit":"","displayUnit":"","source":{"info":{"file":"/home/ahmadshakleya/.openmodelica/libraries/Modelica 4.0.0+maint.om/Blocks/Math.mo","lineStart":548,"lineEnd":549,"colStart":5,"colEnd":56}}},
"gantryTrolley_PIDController.derivative.u":{"comment":"Connector of Real input signal","kind":"variable","type":"Real","unit":"","displayUnit":"","source":{"info":{"file":"/home/ahmadshakleya/.openmodelica/libraries/Modelica 4.0.0+maint.om/Blocks/Interfaces.mo","lineStart":327,"lineEnd":328,"colStart":5,"colEnd":58}}},
"gantryTrolley_PIDController.derivative.y":{"comment":"Connector of Real output signal","kind":"variable","type":"Real","unit":"","displayUnit":"","source":{"info":{"file":"/home/ahmadshakleya/.openmodelica/libraries/Modelica 4.0.0+maint.om/Blocks/Interfaces.mo","lineStart":329,"lineEnd":330,"colStart":5,"colEnd":56}}},
"gantryTrolley_PIDController.integrator.local_set":{"comment":"","kind":"variable","type":"Real","unit":"","displayUnit":"","source":{"info":{"file":"/home/ahmadshakleya/.openmodelica/libraries/Modelica 4.0.0+maint.om/Blocks/Continuous.mo","lineStart":37,"lineEnd":37,"colStart":5,"colEnd":80}}},
"gantryTrolley_PlantModel_Block.u":{"comment":"Control signal","kind":"variable","type":"Real","unit":"N","displayUnit":"","source":{"info":{"file":"/home/ahmadshakleya/Documents/Modelica/Model/BIP_PID_PACKAGE.mo","lineStart":18,"lineEnd":18,"colStart":5,"colEnd":38}}},
"gantryTrolley_PIDController.integrator.local_reset":{"comment":"","kind":"discrete","type":"Boolean","unit":"","displayUnit":"","source":{"info":{"file":"/home/ahmadshakleya/.openmodelica/libraries/Modelica 4.0.0+maint.om/Blocks/Continuous.mo","lineStart":36,"lineEnd":36,"colStart":5,"colEnd":85}}},
"Kd":{"comment":"Integrational Gain","kind":"parameter","type":"Real","unit":"","displayUnit":"","source":{"info":{"file":"/home/ahmadshakleya/Documents/Modelica/Model/BIP_PID_PACKAGE.mo","lineStart":98,"lineEnd":98,"colStart":1,"colEnd":43}}},
"Ki":{"comment":"Differentational Gain","kind":"parameter","type":"Real","unit":"","displayUnit":"","source":{"info":{"file":"/home/ahmadshakleya/Documents/Modelica/Model/BIP_PID_PACKAGE.mo","lineStart":97,"lineEnd":97,"colStart":1,"colEnd":46}}},
"Kp":{"comment":"Proportional Gain","kind":"parameter","type":"Real","unit":"","displayUnit":"","source":{"info":{"file":"/home/ahmadshakleya/Documents/Modelica/Model/BIP_PID_PACKAGE.mo","lineStart":96,"lineEnd":96,"colStart":1,"colEnd":42}}},
"X_Position_Setpoint.k":{"comment":"Constant output value","kind":"parameter","type":"Real","unit":"","displayUnit":"","source":{"info":{"file":"/home/ahmadshakleya/.openmodelica/libraries/Modelica 4.0.0+maint.om/Blocks/Sources.mo","lineStart":165,"lineEnd":166,"colStart":5,"colEnd":102}}},
"X_Position_Setpoint.y":{"comment":"Connector of Real output signal","kind":"parameter","type":"Real","unit":"","displayUnit":"","source":{"info":{"file":"/home/ahmadshakleya/.openmodelica/libraries/Modelica 4.0.0+maint.om/Blocks/Interfaces.mo","lineStart":300,"lineEnd":301,"colStart":5,"colEnd":56}}},
"gantryTrolley_PIDController.Kd":{"comment":"","kind":"parameter","type":"Real","unit":"","displayUnit":"","source":{"info":{"file":"/home/ahmadshakleya/Documents/Modelica/Model/BIP_PID_PACKAGE.mo","lineStart":42,"lineEnd":42,"colStart":3,"colEnd":24}}},
"gantryTrolley_PIDController.Ki":{"comment":"","kind":"parameter","type":"Real","unit":"","displayUnit":"","source":{"info":{"file":"/home/ahmadshakleya/Documents/Modelica/Model/BIP_PID_PACKAGE.mo","lineStart":41,"lineEnd":41,"colStart":3,"colEnd":24}}},
"gantryTrolley_PIDController.Kp":{"comment":"","kind":"parameter","type":"Real","unit":"","displayUnit":"","source":{"info":{"file":"/home/ahmadshakleya/Documents/Modelica/Model/BIP_PID_PACKAGE.mo","lineStart":40,"lineEnd":40,"colStart":3,"colEnd":24}}},
"gantryTrolley_PIDController.Proportional.k":{"comment":"Gain value multiplied with input signal","kind":"parameter","type":"Real","unit":"1","displayUnit":"","source":{"info":{"file":"/home/ahmadshakleya/.openmodelica/libraries/Modelica 4.0.0+maint.om/Blocks/Math.mo","lineStart":543,"lineEnd":544,"colStart":5,"colEnd":48}}},
"gantryTrolley_PIDController.derivative.T":{"comment":"Time constants (T>0 required; T=0 is ideal derivative block)","kind":"parameter","type":"Real","unit":"s","displayUnit":"","source":{"info":{"file":"/home/ahmadshakleya/.openmodelica/libraries/Modelica 4.0.0+maint.om/Blocks/Continuous.mo","lineStart":269,"lineEnd":270,"colStart":5,"colEnd":69}}},
"gantryTrolley_PIDController.derivative.k":{"comment":"Gains","kind":"parameter","type":"Real","unit":"1","displayUnit":"","source":{"info":{"file":"/home/ahmadshakleya/.openmodelica/libraries/Modelica 4.0.0+maint.om/Blocks/Continuous.mo","lineStart":268,"lineEnd":268,"colStart":5,"colEnd":41}}},
"gantryTrolley_PIDController.derivative.x_start":{"comment":"Initial or guess value of state","kind":"parameter","type":"Real","unit":"","displayUnit":"","source":{"info":{"file":"/home/ahmadshakleya/.openmodelica/libraries/Modelica 4.0.0+maint.om/Blocks/Continuous.mo","lineStart":275,"lineEnd":276,"colStart":5,"colEnd":50}}},
"gantryTrolley_PIDController.derivative.y_start":{"comment":"Initial value of output (= state)","kind":"parameter","type":"Real","unit":"","displayUnit":"","source":{"info":{"file":"/home/ahmadshakleya/.openmodelica/libraries/Modelica 4.0.0+maint.om/Blocks/Continuous.mo","lineStart":277,"lineEnd":279,"colStart":5,"colEnd":31}}},
"gantryTrolley_PIDController.error.k1":{"comment":"Gain of input signal 1","kind":"parameter","type":"Real","unit":"","displayUnit":"","source":{"info":{"file":"/home/ahmadshakleya/.openmodelica/libraries/Modelica 4.0.0+maint.om/Blocks/Math.mo","lineStart":876,"lineEnd":876,"colStart":5,"colEnd":50}}},
"gantryTrolley_PIDController.error.k2":{"comment":"Gain of input signal 2","kind":"parameter","type":"Real","unit":"","displayUnit":"","source":{"info":{"file":"/home/ahmadshakleya/.openmodelica/libraries/Modelica 4.0.0+maint.om/Blocks/Math.mo","lineStart":877,"lineEnd":877,"colStart":5,"colEnd":50}}},
"gantryTrolley_PIDController.error.u1":{"comment":"Connector of Real input signal 1","kind":"parameter","type":"Real","unit":"","displayUnit":"","source":{"info":{"file":"/home/ahmadshakleya/.openmodelica/libraries/Modelica 4.0.0+maint.om/Blocks/Interfaces.mo","lineStart":342,"lineEnd":343,"colStart":5,"colEnd":57}}},
"gantryTrolley_PIDController.integrator.k":{"comment":"Integrator gain","kind":"parameter","type":"Real","unit":"1","displayUnit":"","source":{"info":{"file":"/home/ahmadshakleya/.openmodelica/libraries/Modelica 4.0.0+maint.om/Blocks/Continuous.mo","lineStart":10,"lineEnd":10,"colStart":5,"colEnd":51}}},
"gantryTrolley_PIDController.integrator.y_start":{"comment":"Initial or guess value of output (= state)","kind":"parameter","type":"Real","unit":"","displayUnit":"","source":{"info":{"file":"/home/ahmadshakleya/.openmodelica/libraries/Modelica 4.0.0+maint.om/Blocks/Continuous.mo","lineStart":22,"lineEnd":23,"colStart":5,"colEnd":50}}},
"gantryTrolley_PIDController.setpoint":{"comment":"Input setpoint connector","kind":"parameter","type":"Real","unit":"","displayUnit":"","source":{"info":{"file":"/home/ahmadshakleya/Documents/Modelica/Model/BIP_PID_PACKAGE.mo","lineStart":49,"lineEnd":50,"colStart":5,"colEnd":87}}},
"gantryTrolley_PIDController.u_output.k1":{"comment":"Gain of input signal 1","kind":"parameter","type":"Real","unit":"","displayUnit":"","source":{"info":{"file":"/home/ahmadshakleya/.openmodelica/libraries/Modelica 4.0.0+maint.om/Blocks/Math.mo","lineStart":921,"lineEnd":921,"colStart":5,"colEnd":50}}},
"gantryTrolley_PIDController.u_output.k2":{"comment":"Gain of input signal 2","kind":"parameter","type":"Real","unit":"","displayUnit":"","source":{"info":{"file":"/home/ahmadshakleya/.openmodelica/libraries/Modelica 4.0.0+maint.om/Blocks/Math.mo","lineStart":922,"lineEnd":922,"colStart":5,"colEnd":50}}},
"gantryTrolley_PIDController.u_output.k3":{"comment":"Gain of input signal 3","kind":"parameter","type":"Real","unit":"","displayUnit":"","source":{"info":{"file":"/home/ahmadshakleya/.openmodelica/libraries/Modelica 4.0.0+maint.om/Blocks/Math.mo","lineStart":923,"lineEnd":923,"colStart":5,"colEnd":50}}},
"gantryTrolley_PlantModel_Block.M":{"comment":"Mass of trolley","kind":"parameter","type":"Real","unit":"kg","displayUnit":"","source":{"info":{"file":"/home/ahmadshakleya/Documents/Modelica/Model/BIP_PID_PACKAGE.mo","lineStart":7,"lineEnd":7,"colStart":5,"colEnd":47}}},
"gantryTrolley_PlantModel_Block.dc":{"comment":"Damping factor for trolley","kind":"parameter","type":"Real","unit":"N.s/m","displayUnit":"","source":{"info":{"file":"/home/ahmadshakleya/Documents/Modelica/Model/BIP_PID_PACKAGE.mo","lineStart":10,"lineEnd":10,"colStart":5,"colEnd":76}}},
"gantryTrolley_PlantModel_Block.dp":{"comment":"Damping factor for pendulum swing","kind":"parameter","type":"Real","unit":"N.s/m","displayUnit":"","source":{"info":{"file":"/home/ahmadshakleya/Documents/Modelica/Model/BIP_PID_PACKAGE.mo","lineStart":9,"lineEnd":9,"colStart":5,"colEnd":83}}},
"gantryTrolley_PlantModel_Block.g":{"comment":"Gravitational acceleration","kind":"parameter","type":"Real","unit":"m/s2","displayUnit":"","source":{"info":{"file":"/home/ahmadshakleya/Documents/Modelica/Model/BIP_PID_PACKAGE.mo","lineStart":11,"lineEnd":11,"colStart":5,"colEnd":86}}},
"gantryTrolley_PlantModel_Block.m":{"comment":"Mass of pendulum bob's mass","kind":"parameter","type":"Real","unit":"kg","displayUnit":"","source":{"info":{"file":"/home/ahmadshakleya/Documents/Modelica/Model/BIP_PID_PACKAGE.mo","lineStart":6,"lineEnd":6,"colStart":5,"colEnd":60}}},
"gantryTrolley_PlantModel_Block.r":{"comment":"Length of pendulum rope","kind":"parameter","type":"Real","unit":"m","displayUnit":"","source":{"info":{"file":"/home/ahmadshakleya/Documents/Modelica/Model/BIP_PID_PACKAGE.mo","lineStart":8,"lineEnd":8,"colStart":5,"colEnd":56}}},
"x_setpoint":{"comment":"x_setpoint","kind":"parameter","type":"Real","unit":"","displayUnit":"","source":{"info":{"file":"/home/ahmadshakleya/Documents/Modelica/Model/BIP_PID_PACKAGE.mo","lineStart":95,"lineEnd":95,"colStart":1,"colEnd":44}}},
"gantryTrolley_PIDController.derivative.initType":{"comment":"Type of initialization (1: no init, 2: steady state, 3: initial state, 4: initial output)","kind":"parameter","type":"Enumeration","unit":"","displayUnit":"","source":{"info":{"file":"/home/ahmadshakleya/.openmodelica/libraries/Modelica 4.0.0+maint.om/Blocks/Continuous.mo","lineStart":271,"lineEnd":274,"colStart":5,"colEnd":40}}},
"gantryTrolley_PIDController.integrator.initType":{"comment":"Type of initialization (1: no init, 2: steady state, 3,4: initial output)","kind":"parameter","type":"Enumeration","unit":"","displayUnit":"","source":{"info":{"file":"/home/ahmadshakleya/.openmodelica/libraries/Modelica 4.0.0+maint.om/Blocks/Continuous.mo","lineStart":19,"lineEnd":21,"colStart":5,"colEnd":40}}},
"gantryTrolley_PIDController.derivative.zeroGain":{"comment":"","kind":"parameter","type":"Boolean","unit":"","displayUnit":"","source":{"info":{"file":"/home/ahmadshakleya/.openmodelica/libraries/Modelica 4.0.0+maint.om/Blocks/Continuous.mo","lineStart":285,"lineEnd":285,"colStart":5,"colEnd":65}}},
"gantryTrolley_PIDController.integrator.use_reset":{"comment":"= true, if reset port enabled","kind":"parameter","type":"Boolean","unit":"","displayUnit":"","source":{"info":{"file":"/home/ahmadshakleya/.openmodelica/libraries/Modelica 4.0.0+maint.om/Blocks/Continuous.mo","lineStart":11,"lineEnd":12,"colStart":5,"colEnd":73}}},
"gantryTrolley_PIDController.integrator.use_set":{"comment":"= true, if set port enabled and used as reinitialization value when reset","kind":"parameter","type":"Boolean","unit":"","displayUnit":"","source":{"info":{"file":"/home/ahmadshakleya/.openmodelica/libraries/Modelica 4.0.0+maint.om/Blocks/Continuous.mo","lineStart":13,"lineEnd":14,"colStart":5,"colEnd":99}}}
},
"equations":[{"eqIndex":0,"tag":"dummy"},
{"eqIndex":1,"section":"initial","tag":"assign","defines":["gantryTrolley_PIDController.derivative.x"],"uses":["$START.gantryTrolley_PIDController.derivative.x"],"equation":["$START.gantryTrolley_PIDController.derivative.x"],"source":{"info":{"file":"","lineStart":0,"lineEnd":0,"colStart":0,"colEnd":0}}},
{"eqIndex":2,"section":"initial","tag":"assign","defines":["gantryTrolley_PIDController.integrator.local_reset"],"uses":[],"equation":["false"],"source":{"info":{"file":"/home/ahmadshakleya/.openmodelica/libraries/Modelica 4.0.0+maint.om/Blocks/Continuous.mo","lineStart":36,"lineEnd":36,"colStart":5,"colEnd":85}}},
{"eqIndex":3,"section":"initial","tag":"assign","defines":["gantryTrolley_PIDController.integrator.local_set"],"uses":[],"equation":["0.0"],"source":{"info":{"file":"/home/ahmadshakleya/.openmodelica/libraries/Modelica 4.0.0+maint.om/Blocks/Continuous.mo","lineStart":37,"lineEnd":37,"colStart":5,"colEnd":80}}},
{"eqIndex":4,"section":"initial","tag":"assign","defines":["gantryTrolley_PIDController.derivative.y"],"uses":[],"equation":["0.0"],"source":{"info":{"file":"/home/ahmadshakleya/.openmodelica/libraries/Modelica 4.0.0+maint.om/Blocks/Interfaces.mo","lineStart":329,"lineEnd":330,"colStart":5,"colEnd":56}}},
{"eqIndex":5,"section":"initial","tag":"assign","defines":["gantryTrolley_PlantModel_Block.omega"],"uses":["$START.gantryTrolley_PlantModel_Block.omega"],"equation":["$START.gantryTrolley_PlantModel_Block.omega"],"source":{"info":{"file":"","lineStart":0,"lineEnd":0,"colStart":0,"colEnd":0}}},
{"eqIndex":6,"tag":"alias","equation":[22],"section":"initial"},
{"eqIndex":7,"section":"initial","tag":"assign","defines":["gantryTrolley_PlantModel_Block.theta"],"uses":["$START.gantryTrolley_PlantModel_Block.theta"],"equation":["$START.gantryTrolley_PlantModel_Block.theta"],"source":{"info":{"file":"","lineStart":0,"lineEnd":0,"colStart":0,"colEnd":0}}},
{"eqIndex":8,"section":"initial","tag":"assign","defines":["gantryTrolley_PlantModel_Block.v"],"uses":["$START.gantryTrolley_PlantModel_Block.v"],"equation":["$START.gantryTrolley_PlantModel_Block.v"],"source":{"info":{"file":"","lineStart":0,"lineEnd":0,"colStart":0,"colEnd":0}}},
{"eqIndex":9,"tag":"alias","equation":[21],"section":"initial"},
{"eqIndex":10,"section":"initial","tag":"assign","defines":["gantryTrolley_PlantModel_Block.x"],"uses":["$START.gantryTrolley_PlantModel_Block.x"],"equation":["$START.gantryTrolley_PlantModel_Block.x"],"source":{"info":{"file":"","lineStart":0,"lineEnd":0,"colStart":0,"colEnd":0}}},
{"eqIndex":11,"tag":"alias","equation":[23],"section":"initial"},
{"eqIndex":12,"tag":"alias","equation":[24],"section":"initial"},
{"eqIndex":13,"tag":"alias","equation":[25],"section":"initial"},
{"eqIndex":14,"section":"initial","tag":"assign","defines":["gantryTrolley_PIDController.integrator.y"],"uses":["gantryTrolley_PIDController.integrator.y_start"],"equation":["gantryTrolley_PIDController.integrator.y_start"],"source":{"info":{"file":"/home/ahmadshakleya/.openmodelica/libraries/Modelica 4.0.0+maint.om/Blocks/Continuous.mo","lineStart":44,"lineEnd":44,"colStart":7,"colEnd":18}}},
{"eqIndex":15,"tag":"alias","equation":[26],"section":"initial"},
{"eqIndex":16,"section":"initial","tag":"assign","defines":["der(gantryTrolley_PlantModel_Block.v)"],"uses":["gantryTrolley_PlantModel_Block.v","gantryTrolley_PlantModel_Block.u","gantryTrolley_PlantModel_Block.g","gantryTrolley_PlantModel_Block.r","gantryTrolley_PlantModel_Block.dp","gantryTrolley_PlantModel_Block.M","gantryTrolley_PlantModel_Block.dc","gantryTrolley_PlantModel_Block.m","gantryTrolley_PlantModel_Block.omega","gantryTrolley_PlantModel_Block.theta"],"equation":["(gantryTrolley_PlantModel_Block.r * (gantryTrolley_PlantModel_Block.dc * gantryTrolley_PlantModel_Block.v + (-gantryTrolley_PlantModel_Block.m) * (gantryTrolley_PlantModel_Block.g * cos(gantryTrolley_PlantModel_Block.theta) + gantryTrolley_PlantModel_Block.r * gantryTrolley_PlantModel_Block.omega ^ 2.0) * sin(gantryTrolley_PlantModel_Block.theta) - gantryTrolley_PlantModel_Block.u) - gantryTrolley_PlantModel_Block.dp * cos(gantryTrolley_PlantModel_Block.theta) * gantryTrolley_PlantModel_Block.omega) / (((-gantryTrolley_PlantModel_Block.M) - gantryTrolley_PlantModel_Block.m * sin(gantryTrolley_PlantModel_Block.theta) ^ 2.0) * gantryTrolley_PlantModel_Block.r)"],"source":{"info":{"file":"/home/ahmadshakleya/Documents/Modelica/Model/BIP_PID_PACKAGE.mo","lineStart":23,"lineEnd":23,"colStart":5,"colEnd":133}}},
{"eqIndex":17,"section":"initial","tag":"assign","defines":["der(gantryTrolley_PlantModel_Block.omega)"],"uses":["gantryTrolley_PlantModel_Block.v","gantryTrolley_PlantModel_Block.u","gantryTrolley_PlantModel_Block.g","gantryTrolley_PlantModel_Block.r","gantryTrolley_PlantModel_Block.dp","gantryTrolley_PlantModel_Block.dc","gantryTrolley_PlantModel_Block.M","gantryTrolley_PlantModel_Block.m","gantryTrolley_PlantModel_Block.theta","gantryTrolley_PlantModel_Block.omega"],"equation":["(gantryTrolley_PlantModel_Block.dp * gantryTrolley_PlantModel_Block.omega * (gantryTrolley_PlantModel_Block.m + gantryTrolley_PlantModel_Block.M) + (gantryTrolley_PlantModel_Block.m * gantryTrolley_PlantModel_Block.r) ^ 2.0 * sin(gantryTrolley_PlantModel_Block.theta) * cos(gantryTrolley_PlantModel_Block.theta) * gantryTrolley_PlantModel_Block.omega ^ 2.0 + gantryTrolley_PlantModel_Block.m * gantryTrolley_PlantModel_Block.r * (gantryTrolley_PlantModel_Block.g * sin(gantryTrolley_PlantModel_Block.theta) * (gantryTrolley_PlantModel_Block.m + gantryTrolley_PlantModel_Block.M) + cos(gantryTrolley_PlantModel_Block.theta) * (gantryTrolley_PlantModel_Block.u - gantryTrolley_PlantModel_Block.dc * gantryTrolley_PlantModel_Block.v))) / (gantryTrolley_PlantModel_Block.r ^ 2.0 * ((-gantryTrolley_PlantModel_Block.M) - gantryTrolley_PlantModel_Block.m * sin(gantryTrolley_PlantModel_Block.theta) ^ 2.0) * gantryTrolley_PlantModel_Block.m)"],"source":{"info":{"file":"/home/ahmadshakleya/Documents/Modelica/Model/BIP_PID_PACKAGE.mo","lineStart":24,"lineEnd":24,"colStart":5,"colEnd":167}}},
{"eqIndex":18,"tag":"alias","equation":[29],"section":"initial"},
{"eqIndex":19,"section":"regular","tag":"assign","defines":["$cse1"],"uses":["gantryTrolley_PlantModel_Block.theta"],"equation":["sin(gantryTrolley_PlantModel_Block.theta)"],"source":{"info":{"file":"","lineStart":0,"lineEnd":0,"colStart":0,"colEnd":0}}},
{"eqIndex":20,"section":"regular","tag":"assign","defines":["$cse2"],"uses":["gantryTrolley_PlantModel_Block.theta"],"equation":["cos(gantryTrolley_PlantModel_Block.theta)"],"source":{"info":{"file":"","lineStart":0,"lineEnd":0,"colStart":0,"colEnd":0}}},
{"eqIndex":21,"section":"regular","tag":"assign","defines":["der(gantryTrolley_PlantModel_Block.x)"],"uses":["gantryTrolley_PlantModel_Block.v"],"equation":["gantryTrolley_PlantModel_Block.v"],"source":{"info":{"file":"/home/ahmadshakleya/Documents/Modelica/Model/BIP_PID_PACKAGE.mo","lineStart":21,"lineEnd":21,"colStart":5,"colEnd":15}}},
{"eqIndex":22,"section":"regular","tag":"assign","defines":["der(gantryTrolley_PlantModel_Block.theta)"],"uses":["gantryTrolley_PlantModel_Block.omega"],"equation":["gantryTrolley_PlantModel_Block.omega"],"source":{"info":{"file":"/home/ahmadshakleya/Documents/Modelica/Model/BIP_PID_PACKAGE.mo","lineStart":22,"lineEnd":22,"colStart":5,"colEnd":23}}},
{"eqIndex":23,"section":"regular","tag":"assign","defines":["gantryTrolley_PIDController.derivative.u"],"uses":["gantryTrolley_PIDController.error.k2","gantryTrolley_PlantModel_Block.x","gantryTrolley_PIDController.error.k1","X_Position_Setpoint.k"],"equation":["gantryTrolley_PIDController.error.k1 * X_Position_Setpoint.k + gantryTrolley_PIDController.error.k2 * gantryTrolley_PlantModel_Block.x"],"source":{"info":{"file":"/home/ahmadshakleya/.openmodelica/libraries/Modelica 4.0.0+maint.om/Blocks/Math.mo","lineStart":880,"lineEnd":880,"colStart":5,"colEnd":22}}},
{"eqIndex":24,"section":"regular","tag":"assign","defines":["gantryTrolley_PIDController.Proportional.y"],"uses":["gantryTrolley_PIDController.derivative.u","gantryTrolley_PIDController.Proportional.k"],"equation":["gantryTrolley_PIDController.Proportional.k * gantryTrolley_PIDController.derivative.u"],"source":{"info":{"file":"/home/ahmadshakleya/.openmodelica/libraries/Modelica 4.0.0+maint.om/Blocks/Math.mo","lineStart":552,"lineEnd":552,"colStart":5,"colEnd":12}}},
{"eqIndex":25,"section":"regular","tag":"assign","defines":["der(gantryTrolley_PIDController.integrator.y)"],"uses":["gantryTrolley_PIDController.derivative.u","gantryTrolley_PIDController.integrator.k"],"equation":["gantryTrolley_PIDController.integrator.k * gantryTrolley_PIDController.derivative.u"],"source":{"info":{"file":"/home/ahmadshakleya/.openmodelica/libraries/Modelica 4.0.0+maint.om/Blocks/Continuous.mo","lineStart":61,"lineEnd":61,"colStart":5,"colEnd":17}}},
{"eqIndex":26,"section":"regular","tag":"assign","defines":["gantryTrolley_PlantModel_Block.u"],"uses":["gantryTrolley_PIDController.integrator.y","gantryTrolley_PIDController.u_output.k2","gantryTrolley_PIDController.Proportional.y","gantryTrolley_PIDController.u_output.k1"],"equation":["gantryTrolley_PIDController.u_output.k1 * gantryTrolley_PIDController.Proportional.y + gantryTrolley_PIDController.u_output.k2 * gantryTrolley_PIDController.integrator.y"],"source":{"info":{"file":"/home/ahmadshakleya/.openmodelica/libraries/Modelica 4.0.0+maint.om/Blocks/Math.mo","lineStart":934,"lineEnd":934,"colStart":5,"colEnd":30}}},
{"eqIndex":27,"section":"regular","tag":"assign","defines":["der(gantryTrolley_PlantModel_Block.omega)"],"uses":["gantryTrolley_PlantModel_Block.v","gantryTrolley_PlantModel_Block.u","gantryTrolley_PlantModel_Block.g","$cse2","gantryTrolley_PlantModel_Block.r","$cse1","gantryTrolley_PlantModel_Block.dp","gantryTrolley_PlantModel_Block.dc","gantryTrolley_PlantModel_Block.M","gantryTrolley_PlantModel_Block.m","gantryTrolley_PlantModel_Block.omega"],"equation":["(gantryTrolley_PlantModel_Block.dp * gantryTrolley_PlantModel_Block.omega * (gantryTrolley_PlantModel_Block.m + gantryTrolley_PlantModel_Block.M) + (gantryTrolley_PlantModel_Block.m * gantryTrolley_PlantModel_Block.r) ^ 2.0 * $cse1 * $cse2 * gantryTrolley_PlantModel_Block.omega ^ 2.0 + gantryTrolley_PlantModel_Block.m * gantryTrolley_PlantModel_Block.r * (gantryTrolley_PlantModel_Block.g * $cse1 * (gantryTrolley_PlantModel_Block.m + gantryTrolley_PlantModel_Block.M) + $cse2 * (gantryTrolley_PlantModel_Block.u - gantryTrolley_PlantModel_Block.dc * gantryTrolley_PlantModel_Block.v))) / (gantryTrolley_PlantModel_Block.r ^ 2.0 * ((-gantryTrolley_PlantModel_Block.M) - gantryTrolley_PlantModel_Block.m * $cse1 ^ 2.0) * gantryTrolley_PlantModel_Block.m)"],"source":{"info":{"file":"/home/ahmadshakleya/Documents/Modelica/Model/BIP_PID_PACKAGE.mo","lineStart":24,"lineEnd":24,"colStart":5,"colEnd":167}}},
{"eqIndex":28,"section":"regular","tag":"assign","defines":["der(gantryTrolley_PlantModel_Block.v)"],"uses":["gantryTrolley_PlantModel_Block.v","gantryTrolley_PlantModel_Block.u","$cse2","gantryTrolley_PlantModel_Block.g","gantryTrolley_PlantModel_Block.r","$cse1","gantryTrolley_PlantModel_Block.dp","gantryTrolley_PlantModel_Block.M","gantryTrolley_PlantModel_Block.dc","gantryTrolley_PlantModel_Block.m","gantryTrolley_PlantModel_Block.omega"],"equation":["(gantryTrolley_PlantModel_Block.r * (gantryTrolley_PlantModel_Block.dc * gantryTrolley_PlantModel_Block.v + (-gantryTrolley_PlantModel_Block.m) * (gantryTrolley_PlantModel_Block.g * $cse2 + gantryTrolley_PlantModel_Block.r * gantryTrolley_PlantModel_Block.omega ^ 2.0) * $cse1 - gantryTrolley_PlantModel_Block.u) - gantryTrolley_PlantModel_Block.dp * $cse2 * gantryTrolley_PlantModel_Block.omega) / (((-gantryTrolley_PlantModel_Block.M) - gantryTrolley_PlantModel_Block.m * $cse1 ^ 2.0) * gantryTrolley_PlantModel_Block.r)"],"source":{"info":{"file":"/home/ahmadshakleya/Documents/Modelica/Model/BIP_PID_PACKAGE.mo","lineStart":23,"lineEnd":23,"colStart":5,"colEnd":133}}},
{"eqIndex":29,"section":"regular","tag":"assign","defines":["der(gantryTrolley_PIDController.derivative.x)"],"uses":[],"equation":["0.0"],"source":{"info":{"file":"/home/ahmadshakleya/.openmodelica/libraries/Modelica 4.0.0+maint.om/Blocks/Continuous.mo","lineStart":299,"lineEnd":299,"colStart":5,"colEnd":47}}},
{"eqIndex":30,"section":"start","tag":"assign","defines":["$START.gantryTrolley_PIDController.integrator.y"],"uses":["gantryTrolley_PIDController.integrator.y_start"],"equation":["gantryTrolley_PIDController.integrator.y_start"],"source":{"info":{"file":"/home/ahmadshakleya/.openmodelica/libraries/Modelica 4.0.0+maint.om/Blocks/Interfaces.mo","lineStart":329,"lineEnd":330,"colStart":5,"colEnd":56}}},
{"eqIndex":31,"section":"start","tag":"assign","defines":["$START.gantryTrolley_PIDController.derivative.x"],"uses":["gantryTrolley_PIDController.derivative.x_start"],"equation":["gantryTrolley_PIDController.derivative.x_start"],"source":{"info":{"file":"/home/ahmadshakleya/.openmodelica/libraries/Modelica 4.0.0+maint.om/Blocks/Continuous.mo","lineStart":282,"lineEnd":282,"colStart":5,"colEnd":50}}},
{"eqIndex":32,"section":"parameter","tag":"assign","defines":["X_Position_Setpoint.k"],"uses":["x_setpoint"],"equation":["x_setpoint"],"source":{"info":{"file":"/home/ahmadshakleya/.openmodelica/libraries/Modelica 4.0.0+maint.om/Blocks/Sources.mo","lineStart":165,"lineEnd":166,"colStart":5,"colEnd":102}}},
{"eqIndex":33,"section":"parameter","tag":"assign","defines":["gantryTrolley_PIDController.error.u1"],"uses":["X_Position_Setpoint.k"],"equation":["X_Position_Setpoint.k"],"source":{"info":{"file":"/home/ahmadshakleya/.openmodelica/libraries/Modelica 4.0.0+maint.om/Blocks/Interfaces.mo","lineStart":342,"lineEnd":343,"colStart":5,"colEnd":57}}},
{"eqIndex":34,"section":"parameter","tag":"assign","defines":["gantryTrolley_PIDController.setpoint"],"uses":["X_Position_Setpoint.k"],"equation":["X_Position_Setpoint.k"],"source":{"info":{"file":"/home/ahmadshakleya/Documents/Modelica/Model/BIP_PID_PACKAGE.mo","lineStart":49,"lineEnd":50,"colStart":5,"colEnd":87}}},
{"eqIndex":35,"section":"parameter","tag":"assign","defines":["X_Position_Setpoint.y"],"uses":["X_Position_Setpoint.k"],"equation":["X_Position_Setpoint.k"],"source":{"info":{"file":"/home/ahmadshakleya/.openmodelica/libraries/Modelica 4.0.0+maint.om/Blocks/Interfaces.mo","lineStart":300,"lineEnd":301,"colStart":5,"colEnd":56}}},
{"eqIndex":36,"section":"parameter","tag":"assign","defines":["gantryTrolley_PIDController.derivative.zeroGain"],"uses":[],"equation":["true"],"source":{"info":{"file":"/home/ahmadshakleya/.openmodelica/libraries/Modelica 4.0.0+maint.om/Blocks/Continuous.mo","lineStart":285,"lineEnd":285,"colStart":5,"colEnd":65}}},
{"eqIndex":37,"section":"parameter","tag":"assign","defines":["gantryTrolley_PIDController.derivative.initType"],"uses":[],"equation":["Modelica.Blocks.Types.Init.NoInit"],"source":{"info":{"file":"/home/ahmadshakleya/.openmodelica/libraries/Modelica 4.0.0+maint.om/Blocks/Continuous.mo","lineStart":271,"lineEnd":274,"colStart":5,"colEnd":40}}},
{"eqIndex":38,"section":"parameter","tag":"assign","defines":["gantryTrolley_PIDController.Kd"],"uses":["Kd"],"equation":["Kd"],"source":{"info":{"file":"/home/ahmadshakleya/Documents/Modelica/Model/BIP_PID_PACKAGE.mo","lineStart":42,"lineEnd":42,"colStart":3,"colEnd":24}}},
{"eqIndex":39,"section":"parameter","tag":"assign","defines":["gantryTrolley_PIDController.derivative.k"],"uses":["gantryTrolley_PIDController.Kd"],"equation":["gantryTrolley_PIDController.Kd"],"source":{"info":{"file":"/home/ahmadshakleya/.openmodelica/libraries/Modelica 4.0.0+maint.om/Blocks/Continuous.mo","lineStart":268,"lineEnd":268,"colStart":5,"colEnd":41}}},
{"eqIndex":40,"section":"parameter","tag":"assign","defines":["gantryTrolley_PIDController.integrator.initType"],"uses":[],"equation":["Modelica.Blocks.Types.Init.InitialState"],"source":{"info":{"file":"/home/ahmadshakleya/.openmodelica/libraries/Modelica 4.0.0+maint.om/Blocks/Continuous.mo","lineStart":19,"lineEnd":21,"colStart":5,"colEnd":40}}},
{"eqIndex":41,"section":"parameter","tag":"assign","defines":["gantryTrolley_PIDController.integrator.use_set"],"uses":[],"equation":["false"],"source":{"info":{"file":"/home/ahmadshakleya/.openmodelica/libraries/Modelica 4.0.0+maint.om/Blocks/Continuous.mo","lineStart":13,"lineEnd":14,"colStart":5,"colEnd":99}}},
{"eqIndex":42,"section":"parameter","tag":"assign","defines":["gantryTrolley_PIDController.integrator.use_reset"],"uses":[],"equation":["false"],"source":{"info":{"file":"/home/ahmadshakleya/.openmodelica/libraries/Modelica 4.0.0+maint.om/Blocks/Continuous.mo","lineStart":11,"lineEnd":12,"colStart":5,"colEnd":73}}},
{"eqIndex":43,"section":"parameter","tag":"assign","defines":["gantryTrolley_PIDController.Ki"],"uses":["Ki"],"equation":["Ki"],"source":{"info":{"file":"/home/ahmadshakleya/Documents/Modelica/Model/BIP_PID_PACKAGE.mo","lineStart":41,"lineEnd":41,"colStart":3,"colEnd":24}}},
{"eqIndex":44,"section":"parameter","tag":"assign","defines":["gantryTrolley_PIDController.integrator.k"],"uses":["gantryTrolley_PIDController.Ki"],"equation":["gantryTrolley_PIDController.Ki"],"source":{"info":{"file":"/home/ahmadshakleya/.openmodelica/libraries/Modelica 4.0.0+maint.om/Blocks/Continuous.mo","lineStart":10,"lineEnd":10,"colStart":5,"colEnd":51}}},
{"eqIndex":45,"section":"parameter","tag":"assign","defines":["gantryTrolley_PIDController.Kp"],"uses":["Kp"],"equation":["Kp"],"source":{"info":{"file":"/home/ahmadshakleya/Documents/Modelica/Model/BIP_PID_PACKAGE.mo","lineStart":40,"lineEnd":40,"colStart":3,"colEnd":24}}},
{"eqIndex":46,"section":"parameter","tag":"assign","defines":["gantryTrolley_PIDController.Proportional.k"],"uses":["gantryTrolley_PIDController.Kp"],"equation":["gantryTrolley_PIDController.Kp"],"source":{"info":{"file":"/home/ahmadshakleya/.openmodelica/libraries/Modelica 4.0.0+maint.om/Blocks/Math.mo","lineStart":543,"lineEnd":544,"colStart":5,"colEnd":48}}},
{"eqIndex":47,"tag":"alias","equation":[4],"section":"parameter"},
{"eqIndex":48,"tag":"alias","equation":[3],"section":"parameter"},
{"eqIndex":49,"tag":"alias","equation":[2],"section":"parameter"},
{"eqIndex":50,"section":"parameter","tag":"algorithm","equation":["assert(gantryTrolley_PIDController.derivative.initType >= Modelica.Blocks.Types.Init.NoInit and gantryTrolley_PIDController.derivative.initType <= Modelica.Blocks.Types.Init.InitialOutput, \"Variable violating min/max constraint: Modelica.Blocks.Types.Init.NoInit <= gantryTrolley_PIDController.derivative.initType <= Modelica.Blocks.Types.Init.InitialOutput, has value: \" + String(gantryTrolley_PIDController.derivative.initType, \"d\"));"],"source":{"info":{"file":"/home/ahmadshakleya/.openmodelica/libraries/Modelica 4.0.0+maint.om/Blocks/Continuous.mo","lineStart":271,"lineEnd":274,"colStart":5,"colEnd":40}}},
{"eqIndex":51,"section":"parameter","tag":"algorithm","equation":["assert(gantryTrolley_PIDController.derivative.T >= 1e-60, \"Variable violating min constraint: 1e-60 <= gantryTrolley_PIDController.derivative.T, has value: \" + String(gantryTrolley_PIDController.derivative.T, \"g\"));"],"source":{"info":{"file":"/home/ahmadshakleya/.openmodelica/libraries/Modelica 4.0.0+maint.om/Blocks/Continuous.mo","lineStart":269,"lineEnd":270,"colStart":5,"colEnd":69}}},
{"eqIndex":52,"section":"parameter","tag":"algorithm","equation":["assert(gantryTrolley_PIDController.integrator.initType >= Modelica.Blocks.Types.Init.NoInit and gantryTrolley_PIDController.integrator.initType <= Modelica.Blocks.Types.Init.InitialOutput, \"Variable violating min/max constraint: Modelica.Blocks.Types.Init.NoInit <= gantryTrolley_PIDController.integrator.initType <= Modelica.Blocks.Types.Init.InitialOutput, has value: \" + String(gantryTrolley_PIDController.integrator.initType, \"d\"));"],"source":{"info":{"file":"/home/ahmadshakleya/.openmodelica/libraries/Modelica 4.0.0+maint.om/Blocks/Continuous.mo","lineStart":19,"lineEnd":21,"colStart":5,"colEnd":40}}},
{"eqIndex":53,"section":"parameter","tag":"algorithm","equation":["assert(gantryTrolley_PlantModel_Block.r >= 0.0, \"Variable violating min constraint: 0.0 <= gantryTrolley_PlantModel_Block.r, has value: \" + String(gantryTrolley_PlantModel_Block.r, \"g\"));"],"source":{"info":{"file":"/home/ahmadshakleya/Documents/Modelica/Model/BIP_PID_PACKAGE.mo","lineStart":8,"lineEnd":8,"colStart":5,"colEnd":56}}},
{"eqIndex":54,"section":"parameter","tag":"algorithm","equation":["assert(gantryTrolley_PlantModel_Block.M >= 0.0, \"Variable violating min constraint: 0.0 <= gantryTrolley_PlantModel_Block.M, has value: \" + String(gantryTrolley_PlantModel_Block.M, \"g\"));"],"source":{"info":{"file":"/home/ahmadshakleya/Documents/Modelica/Model/BIP_PID_PACKAGE.mo","lineStart":7,"lineEnd":7,"colStart":5,"colEnd":47}}},
{"eqIndex":55,"section":"parameter","tag":"algorithm","equation":["assert(gantryTrolley_PlantModel_Block.m >= 0.0, \"Variable violating min constraint: 0.0 <= gantryTrolley_PlantModel_Block.m, has value: \" + String(gantryTrolley_PlantModel_Block.m, \"g\"));"],"source":{"info":{"file":"/home/ahmadshakleya/Documents/Modelica/Model/BIP_PID_PACKAGE.mo","lineStart":6,"lineEnd":6,"colStart":5,"colEnd":60}}}
],
"functions":[
]
}