{"format":"Transformational debugger info","version":1,
"info":{"name":"BIP_PACKAGE.GantryTrolley","description":""},
"variables":{
"omega":{"comment":"Angular velocity of pendulum (rad/s)","kind":"state","type":"Real","unit":"rad/s","displayUnit":"","source":{"info":{"file":"/home/ahmadshakleya/Documents/Modelica/Model/BIP_PACKAGE.mo","lineStart":17,"lineEnd":17,"colStart":7,"colEnd":70}}},
"theta":{"comment":"Angular displacement of pendulum (rad)","kind":"state","type":"Real","unit":"rad","displayUnit":"deg","source":{"info":{"file":"/home/ahmadshakleya/Documents/Modelica/Model/BIP_PACKAGE.mo","lineStart":16,"lineEnd":16,"colStart":7,"colEnd":62}}},
"v":{"comment":"Velocity of trolley","kind":"state","type":"Real","unit":"m/s","displayUnit":"","source":{"info":{"file":"/home/ahmadshakleya/Documents/Modelica/Model/BIP_PACKAGE.mo","lineStart":15,"lineEnd":15,"colStart":7,"colEnd":42}}},
"x":{"comment":"Displacement of trolley","kind":"state","type":"Real","unit":"m","displayUnit":"","source":{"info":{"file":"/home/ahmadshakleya/Documents/Modelica/Model/BIP_PACKAGE.mo","lineStart":14,"lineEnd":14,"colStart":7,"colEnd":46}}},
"der(omega)":{"comment":"der(Angular velocity of pendulum (rad/s))","kind":"derivative","type":"Real","unit":"s-2","displayUnit":"","source":{"info":{"file":"/home/ahmadshakleya/Documents/Modelica/Model/BIP_PACKAGE.mo","lineStart":17,"lineEnd":17,"colStart":7,"colEnd":70}}},
"der(theta)":{"comment":"der(Angular displacement of pendulum (rad))","kind":"derivative","type":"Real","unit":"Hz","displayUnit":"","source":{"info":{"file":"/home/ahmadshakleya/Documents/Modelica/Model/BIP_PACKAGE.mo","lineStart":16,"lineEnd":16,"colStart":7,"colEnd":62}}},
"der(v)":{"comment":"der(Velocity of trolley)","kind":"derivative","type":"Real","unit":"m.s-2","displayUnit":"","source":{"info":{"file":"/home/ahmadshakleya/Documents/Modelica/Model/BIP_PACKAGE.mo","lineStart":15,"lineEnd":15,"colStart":7,"colEnd":42}}},
"der(x)":{"comment":"der(Displacement of trolley)","kind":"derivative","type":"Real","unit":"m.s-1","displayUnit":"","source":{"info":{"file":"/home/ahmadshakleya/Documents/Modelica/Model/BIP_PACKAGE.mo","lineStart":14,"lineEnd":14,"colStart":7,"colEnd":46}}},
"$cse1":{"comment":"","kind":"variable","type":"Real","unit":"","displayUnit":"","source":{"info":{"file":"","lineStart":0,"lineEnd":0,"colStart":0,"colEnd":0}}},
"$cse2":{"comment":"","kind":"variable","type":"Real","unit":"","displayUnit":"","source":{"info":{"file":"","lineStart":0,"lineEnd":0,"colStart":0,"colEnd":0}}},
"u":{"comment":"Control signal","kind":"variable","type":"Real","unit":"N","displayUnit":"","source":{"info":{"file":"/home/ahmadshakleya/Documents/Modelica/Model/BIP_PACKAGE.mo","lineStart":20,"lineEnd":20,"colStart":7,"colEnd":40}}},
"u":{"comment":"Control signal","kind":"variable","type":"Real","unit":"N","displayUnit":"","source":{"info":{"file":"/home/ahmadshakleya/Documents/Modelica/Model/BIP_PACKAGE.mo","lineStart":20,"lineEnd":20,"colStart":7,"colEnd":40}}},
"M":{"comment":"Mass of trolley","kind":"parameter","type":"Real","unit":"kg","displayUnit":"","source":{"info":{"file":"/home/ahmadshakleya/Documents/Modelica/Model/BIP_PACKAGE.mo","lineStart":7,"lineEnd":7,"colStart":7,"colEnd":49}}},
"dc":{"comment":"Damping factor for trolley","kind":"parameter","type":"Real","unit":"N.s/m","displayUnit":"","source":{"info":{"file":"/home/ahmadshakleya/Documents/Modelica/Model/BIP_PACKAGE.mo","lineStart":10,"lineEnd":10,"colStart":7,"colEnd":75}}},
"dp":{"comment":"Damping factor for pendulum swing","kind":"parameter","type":"Real","unit":"N.s/m","displayUnit":"","source":{"info":{"file":"/home/ahmadshakleya/Documents/Modelica/Model/BIP_PACKAGE.mo","lineStart":9,"lineEnd":9,"colStart":7,"colEnd":84}}},
"g":{"comment":"Gravitational acceleration","kind":"parameter","type":"Real","unit":"m/s2","displayUnit":"","source":{"info":{"file":"/home/ahmadshakleya/Documents/Modelica/Model/BIP_PACKAGE.mo","lineStart":11,"lineEnd":11,"colStart":7,"colEnd":88}}},
"m":{"comment":"Mass of pendulum bob's mass","kind":"parameter","type":"Real","unit":"kg","displayUnit":"","source":{"info":{"file":"/home/ahmadshakleya/Documents/Modelica/Model/BIP_PACKAGE.mo","lineStart":6,"lineEnd":6,"colStart":7,"colEnd":62}}},
"r":{"comment":"Length of pendulum rope","kind":"parameter","type":"Real","unit":"m","displayUnit":"","source":{"info":{"file":"/home/ahmadshakleya/Documents/Modelica/Model/BIP_PACKAGE.mo","lineStart":8,"lineEnd":8,"colStart":7,"colEnd":58}}}
},
"equations":[{"eqIndex":0,"tag":"dummy"},
{"eqIndex":1,"section":"initial","tag":"assign","defines":["x"],"uses":["$START.x"],"equation":["$START.x"],"source":{"info":{"file":"","lineStart":0,"lineEnd":0,"colStart":0,"colEnd":0}}},
{"eqIndex":2,"section":"initial","tag":"assign","defines":["omega"],"uses":["$START.omega"],"equation":["$START.omega"],"source":{"info":{"file":"","lineStart":0,"lineEnd":0,"colStart":0,"colEnd":0}}},
{"eqIndex":3,"tag":"alias","equation":[13],"section":"initial"},
{"eqIndex":4,"section":"initial","tag":"assign","defines":["theta"],"uses":["$START.theta"],"equation":["$START.theta"],"source":{"info":{"file":"","lineStart":0,"lineEnd":0,"colStart":0,"colEnd":0}}},
{"eqIndex":5,"section":"initial","tag":"assign","defines":["v"],"uses":["$START.v"],"equation":["$START.v"],"source":{"info":{"file":"","lineStart":0,"lineEnd":0,"colStart":0,"colEnd":0}}},
{"eqIndex":6,"section":"initial","tag":"assign","defines":["der(omega)"],"uses":["m","theta","omega","v","u","g","r","dp","dc","M"],"equation":["(dp * omega * (m + M) + (m * r) ^ 2.0 * sin(theta) * cos(theta) * omega ^ 2.0 + m * r * (g * sin(theta) * (m + M) + cos(theta) * (u - dc * v))) / (r ^ 2.0 * ((-M) - m * sin(theta) ^ 2.0) * m)"],"source":{"info":{"file":"/home/ahmadshakleya/Documents/Modelica/Model/BIP_PACKAGE.mo","lineStart":28,"lineEnd":28,"colStart":7,"colEnd":169}}},
{"eqIndex":7,"section":"initial","tag":"assign","defines":["der(v)"],"uses":["m","omega","theta","v","u","g","r","dp","M","dc"],"equation":["(r * (dc * v + (-m) * (g * cos(theta) + r * omega ^ 2.0) * sin(theta) - u) - dp * cos(theta) * omega) / (((-M) - m * sin(theta) ^ 2.0) * r)"],"source":{"info":{"file":"/home/ahmadshakleya/Documents/Modelica/Model/BIP_PACKAGE.mo","lineStart":27,"lineEnd":27,"colStart":7,"colEnd":135}}},
{"eqIndex":8,"tag":"alias","equation":[14],"section":"initial"},
{"eqIndex":9,"section":"regular","tag":"assign","defines":["$cse1"],"uses":["theta"],"equation":["cos(theta)"],"source":{"info":{"file":"","lineStart":0,"lineEnd":0,"colStart":0,"colEnd":0}}},
{"eqIndex":10,"section":"regular","tag":"assign","defines":["$cse2"],"uses":["theta"],"equation":["sin(theta)"],"source":{"info":{"file":"","lineStart":0,"lineEnd":0,"colStart":0,"colEnd":0}}},
{"eqIndex":11,"section":"regular","tag":"assign","defines":["der(omega)"],"uses":["m","omega","v","u","$cse2","$cse1","g","r","dp","dc","M"],"equation":["(dp * omega * (m + M) + (m * r) ^ 2.0 * $cse2 * $cse1 * omega ^ 2.0 + m * r * (g * $cse2 * (m + M) + $cse1 * (u - dc * v))) / (r ^ 2.0 * ((-M) - m * $cse2 ^ 2.0) * m)"],"source":{"info":{"file":"/home/ahmadshakleya/Documents/Modelica/Model/BIP_PACKAGE.mo","lineStart":28,"lineEnd":28,"colStart":7,"colEnd":169}}},
{"eqIndex":12,"section":"regular","tag":"assign","defines":["der(v)"],"uses":["m","omega","v","u","$cse2","$cse1","g","r","dp","M","dc"],"equation":["(r * (dc * v + (-m) * (g * $cse1 + r * omega ^ 2.0) * $cse2 - u) - dp * $cse1 * omega) / (((-M) - m * $cse2 ^ 2.0) * r)"],"source":{"info":{"file":"/home/ahmadshakleya/Documents/Modelica/Model/BIP_PACKAGE.mo","lineStart":27,"lineEnd":27,"colStart":7,"colEnd":135}}},
{"eqIndex":13,"section":"regular","tag":"assign","defines":["der(theta)"],"uses":["omega"],"equation":["omega"],"source":{"info":{"file":"/home/ahmadshakleya/Documents/Modelica/Model/BIP_PACKAGE.mo","lineStart":26,"lineEnd":26,"colStart":7,"colEnd":25}}},
{"eqIndex":14,"section":"regular","tag":"assign","defines":["der(x)"],"uses":["v"],"equation":["v"],"source":{"info":{"file":"/home/ahmadshakleya/Documents/Modelica/Model/BIP_PACKAGE.mo","lineStart":25,"lineEnd":25,"colStart":7,"colEnd":17}}},
{"eqIndex":15,"section":"parameter","tag":"algorithm","equation":["assert(r >= 0.0, \"Variable violating min constraint: 0.0 <= r, has value: \" + String(r, \"g\"));"],"source":{"info":{"file":"/home/ahmadshakleya/Documents/Modelica/Model/BIP_PACKAGE.mo","lineStart":8,"lineEnd":8,"colStart":7,"colEnd":58}}},
{"eqIndex":16,"section":"parameter","tag":"algorithm","equation":["assert(M >= 0.0, \"Variable violating min constraint: 0.0 <= M, has value: \" + String(M, \"g\"));"],"source":{"info":{"file":"/home/ahmadshakleya/Documents/Modelica/Model/BIP_PACKAGE.mo","lineStart":7,"lineEnd":7,"colStart":7,"colEnd":49}}},
{"eqIndex":17,"section":"parameter","tag":"algorithm","equation":["assert(m >= 0.0, \"Variable violating min constraint: 0.0 <= m, has value: \" + String(m, \"g\"));"],"source":{"info":{"file":"/home/ahmadshakleya/Documents/Modelica/Model/BIP_PACKAGE.mo","lineStart":6,"lineEnd":6,"colStart":7,"colEnd":62}}}
],
"functions":[
]
}