{"format":"Transformational debugger info","version":1,
"info":{"name":"BIP_CandC_PACKAGE.GantryTrolley_TrolleyLockSimulation","description":""},
"variables":{
"gantryTrolley_TrolleyLock.omega":{"comment":"Angular velocity of pendulum (rad/s)","kind":"state","type":"Real","unit":"rad/s","displayUnit":"","source":{"info":{"file":"/home/ahmadshakleya/Documents/Modelica/Model/BIP_CandC_PACKAGE.mo","lineStart":28,"lineEnd":28,"colStart":5,"colEnd":68}}},
"gantryTrolley_TrolleyLock.theta":{"comment":"Angular displacement of pendulum (rad)","kind":"state","type":"Real","unit":"rad","displayUnit":"deg","source":{"info":{"file":"/home/ahmadshakleya/Documents/Modelica/Model/BIP_CandC_PACKAGE.mo","lineStart":27,"lineEnd":27,"colStart":5,"colEnd":60}}},
"der(gantryTrolley_TrolleyLock.omega)":{"comment":"der(Angular velocity of pendulum (rad/s))","kind":"derivative","type":"Real","unit":"s-2","displayUnit":"","source":{"info":{"file":"/home/ahmadshakleya/Documents/Modelica/Model/BIP_CandC_PACKAGE.mo","lineStart":28,"lineEnd":28,"colStart":5,"colEnd":68}}},
"der(gantryTrolley_TrolleyLock.theta)":{"comment":"der(Angular displacement of pendulum (rad))","kind":"derivative","type":"Real","unit":"Hz","displayUnit":"","source":{"info":{"file":"/home/ahmadshakleya/Documents/Modelica/Model/BIP_CandC_PACKAGE.mo","lineStart":27,"lineEnd":27,"colStart":5,"colEnd":60}}},
"$cse1":{"comment":"","kind":"variable","type":"Real","unit":"","displayUnit":"","source":{"info":{"file":"","lineStart":0,"lineEnd":0,"colStart":0,"colEnd":0}}},
"gantryTrolley_TrolleyLock.dp":{"comment":"Damping factor for pendulum swing","kind":"parameter","type":"Real","unit":"N.s/m","displayUnit":"","source":{"info":{"file":"/home/ahmadshakleya/Documents/Modelica/Model/BIP_CandC_PACKAGE.mo","lineStart":23,"lineEnd":23,"colStart":5,"colEnd":82}}},
"gantryTrolley_TrolleyLock.g":{"comment":"Gravitational acceleration","kind":"parameter","type":"Real","unit":"m/s2","displayUnit":"","source":{"info":{"file":"/home/ahmadshakleya/Documents/Modelica/Model/BIP_CandC_PACKAGE.mo","lineStart":24,"lineEnd":24,"colStart":5,"colEnd":86}}},
"gantryTrolley_TrolleyLock.m":{"comment":"Mass of pendulum bob's mass","kind":"parameter","type":"Real","unit":"kg","displayUnit":"","source":{"info":{"file":"/home/ahmadshakleya/Documents/Modelica/Model/BIP_CandC_PACKAGE.mo","lineStart":21,"lineEnd":21,"colStart":5,"colEnd":60}}},
"gantryTrolley_TrolleyLock.r":{"comment":"Length of pendulum rope","kind":"parameter","type":"Real","unit":"m","displayUnit":"","source":{"info":{"file":"/home/ahmadshakleya/Documents/Modelica/Model/BIP_CandC_PACKAGE.mo","lineStart":22,"lineEnd":22,"colStart":5,"colEnd":56}}}
},
"equations":[{"eqIndex":0,"tag":"dummy"},
{"eqIndex":1,"section":"initial","tag":"assign","defines":["gantryTrolley_TrolleyLock.theta"],"uses":[],"equation":["0.5235987755982988"],"source":{"info":{"file":"/home/ahmadshakleya/Documents/Modelica/Model/BIP_CandC_PACKAGE.mo","lineStart":47,"lineEnd":47,"colStart":5,"colEnd":78}}},
{"eqIndex":2,"section":"initial","tag":"assign","defines":["gantryTrolley_TrolleyLock.omega"],"uses":[],"equation":["0.0"],"source":{"info":{"file":"/home/ahmadshakleya/Documents/Modelica/Model/BIP_CandC_PACKAGE.mo","lineStart":46,"lineEnd":46,"colStart":5,"colEnd":40}}},
{"eqIndex":3,"section":"initial","tag":"assign","defines":["der(gantryTrolley_TrolleyLock.omega)"],"uses":["gantryTrolley_TrolleyLock.theta","gantryTrolley_TrolleyLock.r","gantryTrolley_TrolleyLock.omega","gantryTrolley_TrolleyLock.g","gantryTrolley_TrolleyLock.dp","gantryTrolley_TrolleyLock.m"],"equation":["((-gantryTrolley_TrolleyLock.dp) * gantryTrolley_TrolleyLock.omega - gantryTrolley_TrolleyLock.m * gantryTrolley_TrolleyLock.g * gantryTrolley_TrolleyLock.r * sin(gantryTrolley_TrolleyLock.theta)) / (gantryTrolley_TrolleyLock.r ^ 2.0 * gantryTrolley_TrolleyLock.m)"],"source":{"info":{"file":"/home/ahmadshakleya/Documents/Modelica/Model/BIP_CandC_PACKAGE.mo","lineStart":31,"lineEnd":31,"colStart":5,"colEnd":62}}},
{"eqIndex":4,"tag":"alias","equation":[7],"section":"initial"},
{"eqIndex":5,"section":"regular","tag":"assign","defines":["$cse1"],"uses":["gantryTrolley_TrolleyLock.theta"],"equation":["sin(gantryTrolley_TrolleyLock.theta)"],"source":{"info":{"file":"","lineStart":0,"lineEnd":0,"colStart":0,"colEnd":0}}},
{"eqIndex":6,"section":"regular","tag":"assign","defines":["der(gantryTrolley_TrolleyLock.omega)"],"uses":["gantryTrolley_TrolleyLock.r","gantryTrolley_TrolleyLock.omega","gantryTrolley_TrolleyLock.g","gantryTrolley_TrolleyLock.dp","$cse1","gantryTrolley_TrolleyLock.m"],"equation":["((-gantryTrolley_TrolleyLock.dp) * gantryTrolley_TrolleyLock.omega - gantryTrolley_TrolleyLock.m * gantryTrolley_TrolleyLock.g * gantryTrolley_TrolleyLock.r * $cse1) / (gantryTrolley_TrolleyLock.r ^ 2.0 * gantryTrolley_TrolleyLock.m)"],"source":{"info":{"file":"/home/ahmadshakleya/Documents/Modelica/Model/BIP_CandC_PACKAGE.mo","lineStart":31,"lineEnd":31,"colStart":5,"colEnd":62}}},
{"eqIndex":7,"section":"regular","tag":"assign","defines":["der(gantryTrolley_TrolleyLock.theta)"],"uses":["gantryTrolley_TrolleyLock.omega"],"equation":["gantryTrolley_TrolleyLock.omega"],"source":{"info":{"file":"/home/ahmadshakleya/Documents/Modelica/Model/BIP_CandC_PACKAGE.mo","lineStart":30,"lineEnd":30,"colStart":3,"colEnd":21}}},
{"eqIndex":8,"section":"parameter","tag":"algorithm","equation":["assert(gantryTrolley_TrolleyLock.r >= 0.0, \"Variable violating min constraint: 0.0 <= gantryTrolley_TrolleyLock.r, has value: \" + String(gantryTrolley_TrolleyLock.r, \"g\"));"],"source":{"info":{"file":"/home/ahmadshakleya/Documents/Modelica/Model/BIP_CandC_PACKAGE.mo","lineStart":22,"lineEnd":22,"colStart":5,"colEnd":56}}},
{"eqIndex":9,"section":"parameter","tag":"algorithm","equation":["assert(gantryTrolley_TrolleyLock.m >= 0.0, \"Variable violating min constraint: 0.0 <= gantryTrolley_TrolleyLock.m, has value: \" + String(gantryTrolley_TrolleyLock.m, \"g\"));"],"source":{"info":{"file":"/home/ahmadshakleya/Documents/Modelica/Model/BIP_CandC_PACKAGE.mo","lineStart":21,"lineEnd":21,"colStart":5,"colEnd":60}}}
],
"functions":[
]
}