{"format":"Transformational debugger info","version":1,
"info":{"name":"BIP_PACKAGE.DynamicGantrySimulation","description":""},
"variables":{
"gantryTrolley.omega":{"comment":"Angular velocity of pendulum (rad/s)","kind":"state","type":"Real","unit":"rad/s","displayUnit":"","source":{"info":{"file":"/home/ahmadshakleya/Documents/Modelica/Model/BIP_PACKAGE.mo","lineStart":17,"lineEnd":17,"colStart":7,"colEnd":70}}},
"gantryTrolley.theta":{"comment":"Angular displacement of pendulum (rad)","kind":"state","type":"Real","unit":"rad","displayUnit":"deg","source":{"info":{"file":"/home/ahmadshakleya/Documents/Modelica/Model/BIP_PACKAGE.mo","lineStart":16,"lineEnd":16,"colStart":7,"colEnd":62}}},
"gantryTrolley.v":{"comment":"Velocity of trolley","kind":"state","type":"Real","unit":"m/s","displayUnit":"","source":{"info":{"file":"/home/ahmadshakleya/Documents/Modelica/Model/BIP_PACKAGE.mo","lineStart":15,"lineEnd":15,"colStart":7,"colEnd":42}}},
"gantryTrolley.x":{"comment":"Displacement of trolley","kind":"state","type":"Real","unit":"m","displayUnit":"","source":{"info":{"file":"/home/ahmadshakleya/Documents/Modelica/Model/BIP_PACKAGE.mo","lineStart":14,"lineEnd":14,"colStart":7,"colEnd":46}}},
"der(gantryTrolley.omega)":{"comment":"der(Angular velocity of pendulum (rad/s))","kind":"derivative","type":"Real","unit":"s-2","displayUnit":"","source":{"info":{"file":"/home/ahmadshakleya/Documents/Modelica/Model/BIP_PACKAGE.mo","lineStart":17,"lineEnd":17,"colStart":7,"colEnd":70}}},
"der(gantryTrolley.theta)":{"comment":"der(Angular displacement of pendulum (rad))","kind":"derivative","type":"Real","unit":"Hz","displayUnit":"","source":{"info":{"file":"/home/ahmadshakleya/Documents/Modelica/Model/BIP_PACKAGE.mo","lineStart":16,"lineEnd":16,"colStart":7,"colEnd":62}}},
"der(gantryTrolley.v)":{"comment":"der(Velocity of trolley)","kind":"derivative","type":"Real","unit":"m.s-2","displayUnit":"","source":{"info":{"file":"/home/ahmadshakleya/Documents/Modelica/Model/BIP_PACKAGE.mo","lineStart":15,"lineEnd":15,"colStart":7,"colEnd":42}}},
"der(gantryTrolley.x)":{"comment":"der(Displacement of trolley)","kind":"derivative","type":"Real","unit":"m.s-1","displayUnit":"","source":{"info":{"file":"/home/ahmadshakleya/Documents/Modelica/Model/BIP_PACKAGE.mo","lineStart":14,"lineEnd":14,"colStart":7,"colEnd":46}}},
"$cse1":{"comment":"","kind":"variable","type":"Real","unit":"","displayUnit":"","source":{"info":{"file":"","lineStart":0,"lineEnd":0,"colStart":0,"colEnd":0}}},
"$cse2":{"comment":"","kind":"variable","type":"Real","unit":"","displayUnit":"","source":{"info":{"file":"","lineStart":0,"lineEnd":0,"colStart":0,"colEnd":0}}},
"u_input":{"comment":"","kind":"variable","type":"Real","unit":"","displayUnit":"","source":{"info":{"file":"/home/ahmadshakleya/Documents/Modelica/Model/BIP_PACKAGE.mo","lineStart":107,"lineEnd":107,"colStart":5,"colEnd":17}}},
"gantryTrolley.M":{"comment":"Mass of trolley","kind":"parameter","type":"Real","unit":"kg","displayUnit":"","source":{"info":{"file":"/home/ahmadshakleya/Documents/Modelica/Model/BIP_PACKAGE.mo","lineStart":7,"lineEnd":7,"colStart":7,"colEnd":49}}},
"gantryTrolley.dc":{"comment":"Damping factor for trolley","kind":"parameter","type":"Real","unit":"N.s/m","displayUnit":"","source":{"info":{"file":"/home/ahmadshakleya/Documents/Modelica/Model/BIP_PACKAGE.mo","lineStart":10,"lineEnd":10,"colStart":7,"colEnd":75}}},
"gantryTrolley.dp":{"comment":"Damping factor for pendulum swing","kind":"parameter","type":"Real","unit":"N.s/m","displayUnit":"","source":{"info":{"file":"/home/ahmadshakleya/Documents/Modelica/Model/BIP_PACKAGE.mo","lineStart":9,"lineEnd":9,"colStart":7,"colEnd":84}}},
"gantryTrolley.g":{"comment":"Gravitational acceleration","kind":"parameter","type":"Real","unit":"m/s2","displayUnit":"","source":{"info":{"file":"/home/ahmadshakleya/Documents/Modelica/Model/BIP_PACKAGE.mo","lineStart":11,"lineEnd":11,"colStart":7,"colEnd":88}}},
"gantryTrolley.m":{"comment":"Mass of pendulum bob's mass","kind":"parameter","type":"Real","unit":"kg","displayUnit":"","source":{"info":{"file":"/home/ahmadshakleya/Documents/Modelica/Model/BIP_PACKAGE.mo","lineStart":6,"lineEnd":6,"colStart":7,"colEnd":62}}},
"gantryTrolley.r":{"comment":"Length of pendulum rope","kind":"parameter","type":"Real","unit":"m","displayUnit":"","source":{"info":{"file":"/home/ahmadshakleya/Documents/Modelica/Model/BIP_PACKAGE.mo","lineStart":8,"lineEnd":8,"colStart":7,"colEnd":58}}}
},
"equations":[{"eqIndex":0,"tag":"dummy"},
{"eqIndex":1,"tag":"alias","equation":[14],"section":"initial"},
{"eqIndex":2,"section":"initial","tag":"assign","defines":["gantryTrolley.omega"],"uses":[],"equation":["0.0"],"source":{"info":{"file":"/home/ahmadshakleya/Documents/Modelica/Model/BIP_PACKAGE.mo","lineStart":113,"lineEnd":113,"colStart":5,"colEnd":28}}},
{"eqIndex":3,"tag":"alias","equation":[13],"section":"initial"},
{"eqIndex":4,"section":"initial","tag":"assign","defines":["gantryTrolley.theta"],"uses":[],"equation":["0.0"],"source":{"info":{"file":"/home/ahmadshakleya/Documents/Modelica/Model/BIP_PACKAGE.mo","lineStart":112,"lineEnd":112,"colStart":5,"colEnd":28}}},
{"eqIndex":5,"section":"initial","tag":"assign","defines":["gantryTrolley.v"],"uses":[],"equation":["0.0"],"source":{"info":{"file":"/home/ahmadshakleya/Documents/Modelica/Model/BIP_PACKAGE.mo","lineStart":111,"lineEnd":111,"colStart":5,"colEnd":24}}},
{"eqIndex":6,"tag":"alias","equation":[12],"section":"initial"},
{"eqIndex":7,"section":"initial","tag":"assign","defines":["der(gantryTrolley.v)"],"uses":["gantryTrolley.dp","gantryTrolley.M","gantryTrolley.dc","gantryTrolley.m","u_input","gantryTrolley.omega","gantryTrolley.theta","gantryTrolley.v","gantryTrolley.g","gantryTrolley.r"],"equation":["(gantryTrolley.r * (gantryTrolley.dc * gantryTrolley.v + (-gantryTrolley.m) * (gantryTrolley.g * cos(gantryTrolley.theta) + gantryTrolley.r * gantryTrolley.omega ^ 2.0) * sin(gantryTrolley.theta) - u_input) - gantryTrolley.dp * cos(gantryTrolley.theta) * gantryTrolley.omega) / ((-gantryTrolley.r) * (gantryTrolley.M + gantryTrolley.m * sin(gantryTrolley.theta) ^ 2.0))"],"source":{"info":{"file":"/home/ahmadshakleya/Documents/Modelica/Model/BIP_PACKAGE.mo","lineStart":26,"lineEnd":26,"colStart":7,"colEnd":135}}},
{"eqIndex":8,"section":"initial","tag":"assign","defines":["der(gantryTrolley.omega)"],"uses":["gantryTrolley.dp","gantryTrolley.dc","gantryTrolley.M","gantryTrolley.m","u_input","gantryTrolley.theta","gantryTrolley.omega","gantryTrolley.v","gantryTrolley.g","gantryTrolley.r"],"equation":["(gantryTrolley.dp * gantryTrolley.omega * (gantryTrolley.m + gantryTrolley.M) + (gantryTrolley.m * gantryTrolley.r) ^ 2.0 * sin(gantryTrolley.theta) * cos(gantryTrolley.theta) * gantryTrolley.omega ^ 2.0 + gantryTrolley.m * gantryTrolley.r * (gantryTrolley.g * sin(gantryTrolley.theta) * (gantryTrolley.m + gantryTrolley.M) + cos(gantryTrolley.theta) * (u_input - gantryTrolley.dc * gantryTrolley.v))) / (gantryTrolley.r ^ 2.0 * (-gantryTrolley.m) * (gantryTrolley.M + gantryTrolley.m * sin(gantryTrolley.theta) ^ 2.0))"],"source":{"info":{"file":"/home/ahmadshakleya/Documents/Modelica/Model/BIP_PACKAGE.mo","lineStart":27,"lineEnd":27,"colStart":7,"colEnd":169}}},
{"eqIndex":9,"section":"initial","tag":"assign","defines":["gantryTrolley.x"],"uses":[],"equation":["0.0"],"source":{"info":{"file":"/home/ahmadshakleya/Documents/Modelica/Model/BIP_PACKAGE.mo","lineStart":110,"lineEnd":110,"colStart":5,"colEnd":24}}},
{"eqIndex":10,"section":"regular","tag":"assign","defines":["$cse1"],"uses":["gantryTrolley.theta"],"equation":["sin(gantryTrolley.theta)"],"source":{"info":{"file":"","lineStart":0,"lineEnd":0,"colStart":0,"colEnd":0}}},
{"eqIndex":11,"section":"regular","tag":"assign","defines":["$cse2"],"uses":["gantryTrolley.theta"],"equation":["cos(gantryTrolley.theta)"],"source":{"info":{"file":"","lineStart":0,"lineEnd":0,"colStart":0,"colEnd":0}}},
{"eqIndex":12,"section":"regular","tag":"assign","defines":["der(gantryTrolley.x)"],"uses":["gantryTrolley.v"],"equation":["gantryTrolley.v"],"source":{"info":{"file":"/home/ahmadshakleya/Documents/Modelica/Model/BIP_PACKAGE.mo","lineStart":24,"lineEnd":24,"colStart":7,"colEnd":17}}},
{"eqIndex":13,"section":"regular","tag":"assign","defines":["der(gantryTrolley.theta)"],"uses":["gantryTrolley.omega"],"equation":["gantryTrolley.omega"],"source":{"info":{"file":"/home/ahmadshakleya/Documents/Modelica/Model/BIP_PACKAGE.mo","lineStart":25,"lineEnd":25,"colStart":7,"colEnd":25}}},
{"eqIndex":14,"section":"regular","tag":"assign","defines":["u_input"],"uses":["time"],"equation":["if time < 0.5 then 1000.0 else 0.0"],"source":{"info":{"file":"/home/ahmadshakleya/Documents/Modelica/Model/BIP_PACKAGE.mo","lineStart":115,"lineEnd":115,"colStart":5,"colEnd":45}}},
{"eqIndex":15,"section":"regular","tag":"assign","defines":["der(gantryTrolley.omega)"],"uses":["gantryTrolley.dp","gantryTrolley.dc","gantryTrolley.M","gantryTrolley.m","u_input","$cse2","gantryTrolley.omega","gantryTrolley.v","$cse1","gantryTrolley.g","gantryTrolley.r"],"equation":["(gantryTrolley.dp * gantryTrolley.omega * (gantryTrolley.m + gantryTrolley.M) + (gantryTrolley.m * gantryTrolley.r) ^ 2.0 * $cse1 * $cse2 * gantryTrolley.omega ^ 2.0 + gantryTrolley.m * gantryTrolley.r * (gantryTrolley.g * $cse1 * (gantryTrolley.m + gantryTrolley.M) + $cse2 * (u_input - gantryTrolley.dc * gantryTrolley.v))) / (gantryTrolley.r ^ 2.0 * (-gantryTrolley.m) * (gantryTrolley.M + gantryTrolley.m * $cse1 ^ 2.0))"],"source":{"info":{"file":"/home/ahmadshakleya/Documents/Modelica/Model/BIP_PACKAGE.mo","lineStart":27,"lineEnd":27,"colStart":7,"colEnd":169}}},
{"eqIndex":16,"section":"regular","tag":"assign","defines":["der(gantryTrolley.v)"],"uses":["gantryTrolley.dp","gantryTrolley.M","gantryTrolley.dc","gantryTrolley.m","u_input","gantryTrolley.omega","$cse2","$cse1","gantryTrolley.v","gantryTrolley.g","gantryTrolley.r"],"equation":["(gantryTrolley.r * (gantryTrolley.dc * gantryTrolley.v + (-gantryTrolley.m) * (gantryTrolley.g * $cse2 + gantryTrolley.r * gantryTrolley.omega ^ 2.0) * $cse1 - u_input) - gantryTrolley.dp * $cse2 * gantryTrolley.omega) / ((-gantryTrolley.r) * (gantryTrolley.M + gantryTrolley.m * $cse1 ^ 2.0))"],"source":{"info":{"file":"/home/ahmadshakleya/Documents/Modelica/Model/BIP_PACKAGE.mo","lineStart":26,"lineEnd":26,"colStart":7,"colEnd":135}}},
{"eqIndex":17,"section":"parameter","tag":"algorithm","equation":["assert(gantryTrolley.r >= 0.0, \"Variable violating min constraint: 0.0 <= gantryTrolley.r, has value: \" + String(gantryTrolley.r, \"g\"));"],"source":{"info":{"file":"/home/ahmadshakleya/Documents/Modelica/Model/BIP_PACKAGE.mo","lineStart":8,"lineEnd":8,"colStart":7,"colEnd":58}}},
{"eqIndex":18,"section":"parameter","tag":"algorithm","equation":["assert(gantryTrolley.M >= 0.0, \"Variable violating min constraint: 0.0 <= gantryTrolley.M, has value: \" + String(gantryTrolley.M, \"g\"));"],"source":{"info":{"file":"/home/ahmadshakleya/Documents/Modelica/Model/BIP_PACKAGE.mo","lineStart":7,"lineEnd":7,"colStart":7,"colEnd":49}}},
{"eqIndex":19,"section":"parameter","tag":"algorithm","equation":["assert(gantryTrolley.m >= 0.0, \"Variable violating min constraint: 0.0 <= gantryTrolley.m, has value: \" + String(gantryTrolley.m, \"g\"));"],"source":{"info":{"file":"/home/ahmadshakleya/Documents/Modelica/Model/BIP_PACKAGE.mo","lineStart":6,"lineEnd":6,"colStart":7,"colEnd":62}}}
],
"functions":[
]
}